{"cameraMode":{"drawMode":0,"name":"Shaded","section":"Shading Mode"},"sceneLighting":true,"audioPlay":false,"sceneViewState":{"showFog":true,"showMaterialUpdate":false,"showSkybox":true,"showFlares":true,"showImageEffects":true,"showParticleSystems":true},"in2DMode":false,"pivot":{"x":0.23085138201713563,"y":0.8904908299446106,"z":0.16733086109161378},"rotation":{"x":0.05262527987360954,"y":0.07780832052230835,"z":-0.004113709554076195,"w":0.9955734610557556},"size":1.8127177953720093,"orthographic":false}