{"cameraMode":{"drawMode":0,"name":"Shaded","section":"Shading Mode"},"sceneLighting":false,"audioPlay":false,"sceneViewState":{"showFog":true,"showMaterialUpdate":false,"showSkybox":false,"showFlares":true,"showImageEffects":true,"showParticleSystems":true},"in2DMode":false,"pivot":{"x":-1.629852533340454,"y":1.0081353187561036,"z":-1.1443543434143067},"rotation":{"x":0.021013032644987108,"y":-0.8928720951080322,"z":0.04181286692619324,"w":0.447915256023407},"size":1.8127177953720093,"orthographic":false}