{"cameraMode":{"drawMode":0,"name":"Shaded","section":"Shading Mode"},"sceneLighting":true,"audioPlay":false,"sceneViewState":{"showFog":true,"showMaterialUpdate":false,"showSkybox":true,"showFlares":true,"showImageEffects":true,"showParticleSystems":true},"in2DMode":false,"pivot":{"x":0.35684677958488467,"y":-33.637474060058597,"z":5.400934219360352},"rotation":{"x":0.369900107383728,"y":0.6087542772293091,"z":-0.3827715218067169,"w":0.5882897973060608},"size":37.17240524291992,"orthographic":false}