{"cameraMode":{"drawMode":0,"name":"Shaded","section":"Shading Mode"},"sceneLighting":false,"audioPlay":false,"sceneViewState":{"showFog":true,"showMaterialUpdate":false,"showSkybox":false,"showFlares":true,"showImageEffects":true,"showParticleSystems":true},"in2DMode":false,"pivot":{"x":-1.7251304388046265,"y":1.9169228076934815,"z":0.4430026412010193},"rotation":{"x":0.0015116339782252908,"y":-0.8945192098617554,"z":0.002947376575320959,"w":0.4470648169517517},"size":2.078639507293701,"orthographic":false}