{"cameraMode":{"drawMode":0,"name":"Shaded","section":"Shading Mode"},"sceneLighting":false,"audioPlay":false,"sceneViewState":{"showFog":true,"showMaterialUpdate":false,"showSkybox":false,"showFlares":true,"showImageEffects":true,"showParticleSystems":true},"in2DMode":false,"pivot":{"x":0.0002980232238769531,"y":0.000004194676876068115,"z":-0.008909046649932862},"rotation":{"x":0.09556664526462555,"y":-0.5876675248146057,"z":0.0701259896159172,"w":0.800395131111145},"size":0.3607909381389618,"orthographic":false}