{"cameraMode":{"drawMode":0,"name":"Shaded","section":"Shading Mode"},"sceneLighting":false,"audioPlay":false,"sceneViewState":{"showFog":true,"showMaterialUpdate":false,"showSkybox":false,"showFlares":true,"showImageEffects":true,"showParticleSystems":true},"in2DMode":false,"pivot":{"x":-0.3662870526313782,"y":1.5169349908828736,"z":-0.5359967947006226},"rotation":{"x":-0.010655474849045277,"y":-0.9749631881713867,"z":-0.048000968992710116,"w":0.21697069704532624},"size":1.8127177953720093,"orthographic":false}