{"cameraMode":{"drawMode":0,"name":"Shaded","section":"Shading Mode"},"sceneLighting":false,"audioPlay":false,"sceneViewState":{"showFog":true,"showMaterialUpdate":false,"showSkybox":false,"showFlares":true,"showImageEffects":true,"showParticleSystems":true},"in2DMode":false,"pivot":{"x":333.7099914550781,"y":163.75999450683595,"z":0.0},"rotation":{"x":-0.00717027997598052,"y":0.9140505790710449,"z":-0.4052422046661377,"w":-0.016180599108338357},"size":1.7677669525146485,"orthographic":false}