{"cameraMode":{"drawMode":0,"name":"Shaded","section":"Shading Mode"},"sceneLighting":false,"audioPlay":false,"sceneViewState":{"showFog":true,"showMaterialUpdate":false,"showSkybox":false,"showFlares":true,"showImageEffects":true,"showParticleSystems":true},"in2DMode":false,"pivot":{"x":1.1184232234954835,"y":0.5894050002098084,"z":-0.9201481342315674},"rotation":{"x":-0.020693141967058183,"y":-0.9700316786766052,"z":0.08931941539049149,"w":-0.22511109709739686},"size":1.8127177953720093,"orthographic":false}