{"cameraMode":{"drawMode":0,"name":"Shaded","section":"Shading Mode"},"sceneLighting":false,"audioPlay":false,"sceneViewState":{"showFog":true,"showMaterialUpdate":false,"showSkybox":false,"showFlares":true,"showImageEffects":true,"showParticleSystems":true},"in2DMode":false,"pivot":{"x":0.23085138201713563,"y":0.8904908299446106,"z":0.16733086109161378},"rotation":{"x":-0.010655474849045277,"y":-0.9749631881713867,"z":-0.048000968992710116,"w":0.21697069704532624},"size":1.8127177953720093,"orthographic":false}