{"cameraMode":{"drawMode":0,"name":"Shaded","section":"Shading Mode"},"sceneLighting":false,"audioPlay":false,"sceneViewState":{"showFog":true,"showMaterialUpdate":false,"showSkybox":false,"showFlares":true,"showImageEffects":true,"showParticleSystems":true},"in2DMode":false,"pivot":{"x":0.3742079734802246,"y":2.781327247619629,"z":-0.3863191604614258},"rotation":{"x":-0.1564905047416687,"y":0.7253414988517761,"z":-0.17544116079807282,"w":-0.647013783454895},"size":5.268974781036377,"orthographic":false}