{"cameraMode":{"drawMode":0,"name":"Shaded","section":"Shading Mode"},"sceneLighting":true,"audioPlay":false,"sceneViewState":{"showFog":true,"showMaterialUpdate":false,"showSkybox":true,"showFlares":true,"showImageEffects":true,"showParticleSystems":true},"in2DMode":false,"pivot":{"x":2.2499852180480959,"y":34.94380187988281,"z":13.564252853393555},"rotation":{"x":0.0009032143279910088,"y":0.8583341240882874,"z":-0.5131235718727112,"w":0.0015577017329633237},"size":0.8660303354263306,"orthographic":false}