{"cameraMode":{"drawMode":0,"name":"Shaded","section":"Shading Mode"},"sceneLighting":true,"audioPlay":false,"sceneViewState":{"showFog":true,"showMaterialUpdate":false,"showSkybox":true,"showFlares":true,"showImageEffects":true,"showParticleSystems":true},"in2DMode":false,"pivot":{"x":100.1667251586914,"y":-10.206689834594727,"z":0.38419532775878909},"rotation":{"x":0.4440305829048157,"y":0.048334598541259769,"z":-0.024011006578803064,"w":0.8943979740142822},"size":39.1948356628418,"orthographic":false}