{"cameraMode":{"drawMode":0,"name":"Shaded","section":"Shading Mode"},"sceneLighting":false,"audioPlay":false,"sceneViewState":{"showFog":true,"showMaterialUpdate":false,"showSkybox":false,"showFlares":true,"showImageEffects":true,"showParticleSystems":true},"in2DMode":false,"pivot":{"x":7.325560092926025,"y":2.4000000953674318,"z":9.067697525024414},"rotation":{"x":0.09556664526462555,"y":-0.5876675248146057,"z":0.0701259896159172,"w":0.800395131111145},"size":7.380833625793457,"orthographic":false}